Underglaze Name,ID,Image File,Image Path,File Exists,File Size (KB)
"China White","UG-51","ug-51_cone06.jpg","underglaze_images/ug-51_cone06.jpg","Yes","539"
"Ivory","UG-67","ug-67_cone06.jpg","underglaze_images/ug-67_cone06.jpg","Yes","570"
"Soft Yellow","UG-222","ug-222.jpg","underglaze_images/ug-222.jpg","Yes","728"
"Bright Yellow","UG-46","ug-46_cone06.jpg","underglaze_images/ug-46_cone06.jpg","Yes","811"
"Squash Yellow","UG-203","ug-203_cone06.jpg","underglaze_images/ug-203_cone06.jpg","Yes","784"
"Harvest Gold","UG-58","ug-58_cone06.jpg","underglaze_images/ug-58_cone06.jpg","Yes","766"
"Orange Sorbet","UG-85","ug-85_cone06.jpg","underglaze_images/ug-85_cone06.jpg","Yes","762"
"Apricot","UG-223","ug-223.jpg","underglaze_images/ug-223.jpg","Yes","692"
"Orange","UG-204","ug-204_cone06.jpg","underglaze_images/ug-204_cone06.jpg","Yes","785"
"Red Coral","UG-217","ug-217_cone06.jpg","underglaze_images/ug-217_cone06.jpg","Yes","865"
"Fire Engine Red","UG-206","ug-206_cone06.jpg","underglaze_images/ug-206_cone06.jpg","Yes","816"
"Flame Red","UG-207","ug-207_cone06.jpg","underglaze_images/ug-207_cone06.jpg","Yes","887"
"Dragon Red","UG-208","ug-208_cone06.jpg","underglaze_images/ug-208_cone06.jpg","Yes","893"
"Blush","UG-215","ug-215_cone06.jpg","underglaze_images/ug-215_cone06.jpg","Yes","718"
"Pink Pink","UG-146","ug-146_cone06.jpg","underglaze_images/ug-146_cone06.jpg","Yes","767"
"Peach","UG-216","ug-216_cone06.jpg","underglaze_images/ug-216_cone06.jpg","Yes","768"
"Rose","UG-224","ug-224.jpg","underglaze_images/ug-224.jpg","Yes","920"
"Crimson","UG-10","ug-10_cone06.jpg","underglaze_images/ug-10_cone06.jpg","Yes","804"
"Lilac","UG-92","ug-92_cone06.jpg","underglaze_images/ug-92_cone06.jpg","Yes","777"
"Regal Purple","UG-87","ug-87_cone06.jpg","underglaze_images/ug-87_cone06.jpg","Yes","801"
"Plum","UG-225","ug-225.jpg","underglaze_images/ug-225.jpg","Yes","985"
"Lavender","UG-226","ug-226.jpg","underglaze_images/ug-226.jpg","Yes","920"
"Wild Violet","UG-93","ug-93_cone06.jpg","underglaze_images/ug-93_cone06.jpg","Yes","829"
"Pansy Purple","UG-94","ug-94_cone06.jpg","underglaze_images/ug-94_cone06.jpg","Yes","813"
"Concord Grape","UG-227","ug-227.jpg","underglaze_images/ug-227.jpg","Yes","909"
"Baby Blue","UG-3","ug-3_cone06.jpg","underglaze_images/ug-3_cone06.jpg","Yes","689"
"Wedgewood Blue","UG-72","ug-72_cone06.jpg","underglaze_images/ug-72_cone06.jpg","Yes","717"
"Sea Blue","UG-2","ug-2_cone06.jpg","underglaze_images/ug-2_cone06.jpg","Yes","780"
"Bright Blue","UG-97","ug-97_cone06.jpg","underglaze_images/ug-97_cone06.jpg","Yes","696"
"Kings Blue","UG-1","ug-1_cone06.jpg","underglaze_images/ug-1_cone06.jpg","Yes","775"
"Midnight Blue","UG-228","ug-228.jpg","underglaze_images/ug-228.jpg","Yes","883"
"Electra Blue","UG-19","ug-19_cone06.jpg","underglaze_images/ug-19_cone06.jpg","Yes","779"
"Tucson Turquoise","UG-82","ug-82_cone06.jpg","underglaze_images/ug-82_cone06.jpg","Yes","675"
"Aquamarine","UG-229","ug-229.jpg","underglaze_images/ug-229.jpg","Yes","849"
"Jade","UG-209","ug-209_cone06.jpg","underglaze_images/ug-209_cone06.jpg","Yes","802"
"True Teal","UG-91","ug-91_cone06.jpg","underglaze_images/ug-91_cone06.jpg","Yes","852"
"Marine Blue","UG-219","ug-219_cone06.jpg","underglaze_images/ug-219_cone06.jpg","Yes","818"
"Blue Grass","UG-230","ug-230.jpg","underglaze_images/ug-230.jpg","Yes","941"
"Pear Green","UG-218","ug-218_cone06.jpg","underglaze_images/ug-218_cone06.jpg","Yes","641"
"Lime Green","UG-231","ug-231.jpg","underglaze_images/ug-231.jpg","Yes","876"
"Spring Green","UG-22","ug-22_cone06.jpg","underglaze_images/ug-22_cone06.jpg","Yes","838"
"Apple Green","UG-68","ug-68_cone06.jpg","underglaze_images/ug-68_cone06.jpg","Yes","651"
"Eucalyptus","UG-233","ug-233.jpg","underglaze_images/ug-233.jpg","Yes","775"
"Green Mist","UG-90","ug-90_cone06.jpg","underglaze_images/ug-90_cone06.jpg","Yes","781"
"Leaf Green","UG-21","ug-21_cone06.jpg","underglaze_images/ug-21_cone06.jpg","Yes","838"
"Forest Green","UG-210","ug-210_cone06.jpg","underglaze_images/ug-210_cone06.jpg","Yes","805"
"Olive","UG-232","ug-232.jpg","underglaze_images/ug-232.jpg","Yes","994"
"Sage","UG-220","ug-220_cone06.jpg","underglaze_images/ug-220_cone06.jpg","Yes","706"
"Ivory Pearl","UG-234","ug-234.jpg","underglaze_images/ug-234.jpg","Yes","695"
"Cocoa","UG-32","ug-32_cone06.jpg","underglaze_images/ug-32_cone06.jpg","Yes","656"
"Sand","UG-30","ug-30_cone06.jpg","underglaze_images/ug-30_cone06.jpg","Yes","741"
"Oatmeal","UG-235","ug-235.jpg","underglaze_images/ug-235.jpg","Yes","895"
"Spice Brown","UG-57","ug-57_cone06.jpg","underglaze_images/ug-57_cone06.jpg","Yes","866"
"Cinnamon","UG-213","ug-213_cone06.jpg","underglaze_images/ug-213_cone06.jpg","Yes","1021"
"Chocolate","UG-31","ug-31_cone06.jpg","underglaze_images/ug-31_cone06.jpg","Yes","1014"
"Cement","UG-221","ug-221_cone06.jpg","underglaze_images/ug-221_cone06.jpg","Yes","799"
"Chestnut Brown","UG-34","ug-34_cone06.jpg","underglaze_images/ug-34_cone06.jpg","Yes","969"
"Silver Grey","UG-53","ug-53_cone06.jpg","underglaze_images/ug-53_cone06.jpg","Yes","580"
"Grey","UG-236","ug-236.jpg","underglaze_images/ug-236.jpg","Yes","881"
"Dark Grey","UG-198","ug-198_cone06.jpg","underglaze_images/ug-198_cone06.jpg","Yes","857"
"Jet Black","UG-50","ug-50_cone06.jpg","underglaze_images/ug-50_cone06.jpg","Yes","759"