ID,Name,Cone Chart URL
V-301,Ivory Beige Underglaze,https://cdn11.bigcommerce.com/s-a0h9fhqogk/products/2119/images/3315/37400A__02750.1663233214.386.513.jpg
V-303,Terra Cotta Underglazes,https://cdn11.bigcommerce.com/s-a0h9fhqogk/products/2110/images/3297/37402C__54135.1663222564.386.513.jpg
V-304,Straw Underglaze,https://cdn11.bigcommerce.com/s-a0h9fhqogk/products/2111/images/3298/37403D__45015.1663223151.386.513.jpg
V-308,Yellow Underglaze,https://cdn11.bigcommerce.com/s-a0h9fhqogk/products/2112/images/3300/37404E__28174.1663223488.386.513.jpg
V-309,Deep Yellow Underglaze,https://cdn11.bigcommerce.com/s-a0h9fhqogk/products/798/images/1493/37405F__39683.1659278734.386.513.jpg
V-311,Nectar Underglaze,https://cdn11.bigcommerce.com/s-a0h9fhqogk/stencil/1c660a40-01de-013e-3dc6-26eaa0fab598/e/298081d0-76f9-013e-7f8d-325ff9060520/images/amaco-brent.svg
V-313,Red Brown Underglaze,https://cdn11.bigcommerce.com/s-a0h9fhqogk/products/2115/images/3306/37407H__06797.1663224333.386.513.jpg
V-314,Chocolate Brown Underglaze,https://cdn11.bigcommerce.com/s-a0h9fhqogk/products/2116/images/3308/37408J__91037.1663224688.386.513.jpg
V-315,Peach Underglaze,https://cdn11.bigcommerce.com/s-a0h9fhqogk/products/2117/images/3310/37410L__95591.1663225026.386.513.jpg
V-317,Coral Underglaze,https://cdn11.bigcommerce.com/s-a0h9fhqogk/products/2118/images/3312/Cone05-5-10_V-317_Coral_WEB__52968.1663225337.386.513.jpg
V-318,Rose Underglaze,https://cdn11.bigcommerce.com/s-a0h9fhqogk/products/804/images/1483/37413P__87596.1659278074.386.513.jpg
V-320,Lavender Underglaze,https://cdn11.bigcommerce.com/s-a0h9fhqogk/products/805/images/1481/37414R__82166.1659277884.386.513.jpg
V-321,Lilac Underglaze,https://cdn11.bigcommerce.com/s-a0h9fhqogk/products/806/images/1479/37415S__33784.1659277662.386.513.jpg
V-322,Purple Underglaze,https://cdn11.bigcommerce.com/s-a0h9fhqogk/products/807/images/1477/37416T__83352.1659277509.386.513.jpg
V-323,Salmon Underglaze,https://cdn11.bigcommerce.com/s-a0h9fhqogk/products/808/images/1475/37417W__01455.1659277313.386.513.jpg
V-324,Blush Underglaze,https://cdn11.bigcommerce.com/s-a0h9fhqogk/products/2121/images/3319/Cone05-5-10_V-324_Blush_WEB__61584.1663236644.386.513.jpg
V-325,Baby Blue Underglaze,https://cdn11.bigcommerce.com/s-a0h9fhqogk/products/809/images/1474/37418X__31606.1659277129.386.513.jpg
V-326,Medium Blue Underglaze,https://cdn11.bigcommerce.com/s-a0h9fhqogk/products/2122/images/3320/37419Y__26355.1663237159.386.513.jpg
V-327,Turquoise Blue Underglaze,https://cdn11.bigcommerce.com/s-a0h9fhqogk/products/811/images/1470/37420A__07737.1659276837.386.513.jpg
V-328,Iceberg Blue Underglaze,https://cdn11.bigcommerce.com/s-a0h9fhqogk/products/812/images/1468/37421b-vari-v328-iceberg-blue-2048px__45679.1659276681.386.513.jpg
V-329,Sea Glass Underglaze,https://cdn11.bigcommerce.com/s-a0h9fhqogk/stencil/1c660a40-01de-013e-3dc6-26eaa0fab598/e/298081d0-76f9-013e-7f8d-325ff9060520/images/amaco-brent.svg
V-330,Indigo Underglaze,https://cdn11.bigcommerce.com/s-a0h9fhqogk/stencil/1c660a40-01de-013e-3dc6-26eaa0fab598/e/298081d0-76f9-013e-7f8d-325ff9060520/images/1x1.png
V-332,Teal Blue Underglaze,https://cdn11.bigcommerce.com/s-a0h9fhqogk/products/813/images/1465/37422C__00976.1659276467.386.513.jpg
V-333,Avocado Underglaze,https://cdn11.bigcommerce.com/s-a0h9fhqogk/products/814/images/1463/37423D__09145.1659276334.386.513.jpg
V-336,Royal Blue Underglaze,https://cdn11.bigcommerce.com/s-a0h9fhqogk/products/816/images/1461/37425F__01797.1659275964.386.513.jpg
V-341,Blue Green Underglaze,https://cdn11.bigcommerce.com/s-a0h9fhqogk/products/817/images/1459/37426G__45991.1659275890.386.513.jpg
V-343,Chartreuse Underglaze,https://cdn11.bigcommerce.com/s-a0h9fhqogk/products/818/images/1457/37427H__53587.1659275824.386.513.jpg
V-345,Light Green Underglaze,https://cdn11.bigcommerce.com/s-a0h9fhqogk/products/819/images/1456/37428J__39858.1659275683.386.513.jpg
V-347,Pistachio Underglaze,https://cdn11.bigcommerce.com/s-a0h9fhqogk/products/2123/images/3323/Cone05-5-10_V-347_Pistachio_WEB__66476.1663254925.386.513.jpg
V-349,Cactus Underglaze,https://cdn11.bigcommerce.com/s-a0h9fhqogk/products/2124/images/3325/Cone05-5-10_V-349_Cactus_WEB__53487.1663255185.386.513.jpg
V-350,Orange Underglaze,https://cdn11.bigcommerce.com/s-a0h9fhqogk/products/820/images/1453/37429K__50035.1659275611.386.513.jpg
V-353,Dark Green Underglaze,https://cdn11.bigcommerce.com/s-a0h9fhqogk/products/821/images/1451/37430L__46180.1659275540.386.513.jpg
V-356,Pearl Gray Underglaze,https://cdn11.bigcommerce.com/s-a0h9fhqogk/products/824/images/1448/37433P__50139.1659275187.386.513.jpg
V-359,Ultra White Underglaze,https://cdn11.bigcommerce.com/s-a0h9fhqogk/products/2125/images/3326/V-359UltraWhite_Cone05-5-10_WebImages__77013.1663256246.386.513.jpg
V-360,White Underglaze,https://cdn11.bigcommerce.com/s-a0h9fhqogk/products/826/images/1445/37435S__61076.1659275007.386.513.jpg
V-361,Jet Black Underglaze,https://cdn11.bigcommerce.com/s-a0h9fhqogk/products/827/images/1443/37437W__04405.1659274933.386.513.jpg
V-362,Ultra Black Underglaze,https://cdn11.bigcommerce.com/s-a0h9fhqogk/products/2126/images/3328/V-362UltraBlack_Cone05-5-10_WebImages__32479.1663257268.386.513.jpg
V-363,Morning Fog Underglaze,https://cdn11.bigcommerce.com/s-a0h9fhqogk/products/2127/images/3330/V-363MorningFog_Cone05-5-10_WebImages__13073.1663257618.386.513.jpg
V-364,Elephant Underglaze,https://cdn11.bigcommerce.com/s-a0h9fhqogk/products/2128/images/3332/V-364Elephant_Cone05-5-10_WebImages__48342.1663257851.386.513.jpg
V-365,Slate Underglaze,https://cdn11.bigcommerce.com/s-a0h9fhqogk/products/2129/images/3334/V-365Slate_Cone05-5-10_WebImages__19030.1663258190.386.513.jpg
V-366,Teddy Bear Brown,https://cdn11.bigcommerce.com/s-a0h9fhqogk/products/828/images/1442/37439Y__34425.1659274782.386.513.jpg
V-370,Velour Black Underglaze,https://cdn11.bigcommerce.com/s-a0h9fhqogk/products/832/images/1439/37443D__39353.1659274410.386.513.jpg
V-375,Maroon Underglaze,https://cdn11.bigcommerce.com/s-a0h9fhqogk/products/837/images/1435/37494B__85202.1659273846.386.513.jpg
V-376,Hunter Green Underglaze,https://cdn11.bigcommerce.com/s-a0h9fhqogk/products/838/images/1433/37495C__11416.1659273728.386.513.jpg
V-379,Ultra Violet Underglaze,https://cdn11.bigcommerce.com/s-a0h9fhqogk/products/2130/images/3336/V-379UltraViolet_Cone05-5-10_WebImages__10495.1663291538.386.513.jpg
V-380,Violet Underglaze,https://cdn11.bigcommerce.com/s-a0h9fhqogk/products/839/images/1427/37475D__78140.1659273576.386.513.jpg
V-381,Amethyst Underglaze,https://cdn11.bigcommerce.com/s-a0h9fhqogk/products/840/images/1426/37476E__85417.1659273347.386.513.jpg
V-382,Red Underglaze,https://cdn11.bigcommerce.com/s-a0h9fhqogk/products/841/images/1423/37480J__29557.1659273243.386.513.jpg
V-383,Light Red Underglaze,https://cdn11.bigcommerce.com/s-a0h9fhqogk/products/842/images/1420/37482L__86715.1659273072.386.513.jpg
V-384,Real Orange Underglaze,https://cdn11.bigcommerce.com/s-a0h9fhqogk/products/843/images/1418/37483M__63578.1659272892.386.513.jpg
V-385,Cinnamon Underglaze,https://cdn11.bigcommerce.com/s-a0h9fhqogk/products/844/images/1416/37499G__83567.1659272719.386.513.jpg
V-386,Electric Blue Underglaze,https://cdn11.bigcommerce.com/s-a0h9fhqogk/products/845/images/1409/37500H__90167.1659272625.386.513.jpg
V-387,Bright Red Underglaze,https://cdn11.bigcommerce.com/s-a0h9fhqogk/products/2131/images/3338/37504M__27079.1663294250.386.513.jpg
V-388,Radiant Red Underglaze,https://cdn11.bigcommerce.com/s-a0h9fhqogk/products/847/images/1405/37505N__28688.1659272262.386.513.jpg
V-389,Flame Orange Underglaze,https://cdn11.bigcommerce.com/s-a0h9fhqogk/products/848/images/1403/37506P__08458.1659272075.386.513.jpg
V-390,Bright Orange Underglaze,https://cdn11.bigcommerce.com/s-a0h9fhqogk/products/849/images/1401/37507R__16389.1659271815.386.513.jpg
V-391,Intense Yellow Underglaze,https://cdn11.bigcommerce.com/s-a0h9fhqogk/products/850/images/1399/37508T__38016.1659250604.386.513.jpg
V-392,Blood Orange Underglaze,https://cdn11.bigcommerce.com/s-a0h9fhqogk/stencil/1c660a40-01de-013e-3dc6-26eaa0fab598/e/298081d0-76f9-013e-7f8d-325ff9060520/images/amaco-brent.svg
